<?xml version="1.0" encoding="UTF-8" ?>
<XMLDB PATH="blocks/sms/db" VERSION="20130429" COMMENT="XMLDB file for Moodle blocks/sms"
    xmlns:xsi="http://www.w3.org/2001/XMLSchema-instance"
    xsi:noNamespaceSchemaLocation="../../../lib/xmldb/xmldb.xsd"
>
  <TABLES>
    <TABLE NAME="block_sms" COMMENT="Default comment for block_sms, please edit me" NEXT="block_sms_template">
      <FIELDS>
        <FIELD NAME="id" TYPE="int" LENGTH="10" NOTNULL="true" SEQUENCE="true"/>
      </FIELDS>
      <KEYS>
        <KEY NAME="primary" TYPE="primary" FIELDS="id"/>
      </KEYS>
    </TABLE>
    <TABLE NAME="block_sms_template" COMMENT="block_sms_template table retrofitted from MySQL" PREVIOUS="block_sms">
      <FIELDS>
        <FIELD NAME="id" TYPE="int" LENGTH="10" NOTNULL="true" SEQUENCE="true" NEXT="tname"/>
        <FIELD NAME="tname" TYPE="char" LENGTH="255" NOTNULL="false" SEQUENCE="false" PREVIOUS="id" NEXT="template"/>
        <FIELD NAME="template" TYPE="text" NOTNULL="false" SEQUENCE="false" PREVIOUS="tname"/>
      </FIELDS>
	  <KEYS>
        <KEY NAME="primary" TYPE="primary" FIELDS="id"/>
      </KEYS>
    </TABLE>
  </TABLES>
</XMLDB>